Date;Closing price
1997-08-20;653.14
1997-08-21;645.14
1997-08-22;629.15
1997-08-25;624.66
1997-08-26;619.4
1997-08-27;619.01
1997-08-28;611.82
1997-08-29;605.17
1997-09-01;615.42
1997-09-02;630.3
1997-09-03;622.6
1997-09-04;621.51
1997-09-05;616.61
1997-09-08;627.35
1997-09-09;633
1997-09-10;628.3
1997-09-11;617.42
1997-09-12;613.33
1997-09-15;622.41
1997-09-16;625.89
1997-09-17;628.99
1997-09-18;635.98
1997-09-19;628.53
1997-09-22;644.1
1997-09-23;644.35
1997-09-24;649.77
1997-09-25;642.02
1997-09-26;652.45
1997-09-29;650.11
1997-09-30;652.85
1997-10-01;659.06
1997-10-02;655.31
1997-10-03;657.75
1997-10-06;653.82
1997-10-07;659.5
1997-10-08;656.57
1997-10-09;649.77
1997-10-10;642.91
1997-10-13;645.57
1997-10-14;647.6
1997-10-15;643.69
1997-10-16;641.33
1997-10-17;627.97
1997-10-20;623.55
1997-10-21;633.43
1997-10-22;629
1997-10-23;611.17
1997-10-24;605.44
1997-10-27;576.97
1997-10-28;554.4
1997-10-29;592.07
1997-10-30;574.26
1997-10-31;575.49
1997-11-03;592.82
1997-11-04;588.71
1997-11-05;596.19
1997-11-06;590.49
1997-11-07;575.96
1997-11-10;580.04
1997-11-11;574.9
1997-11-12;577.14
1997-11-13;568.05
1997-11-14;560.03
1997-11-17;576.13
1997-11-18;583.51
1997-11-19;585.83
1997-11-20;601.39
1997-11-21;614.34
1997-11-24;601.64
1997-11-25;595.96
1997-11-26;601.54
1997-11-27;603.2
1997-11-28;609.1
1997-12-01;624.43
1997-12-02;620.43
1997-12-03;610.57
1997-12-04;624.22
1997-12-05;619.55
1997-12-08;625.09
1997-12-09;619.21
1997-12-10;607.51
1997-12-11;588.27
1997-12-12;583.58
1997-12-15;583.58
1997-12-16;599.52
1997-12-17;602.61
1997-12-18;597.88
1997-12-19;573.61
1997-12-22;575.34
1997-12-23;567.25
1997-12-29;592.99
1997-12-30;599.71
1998-01-02;604.82
1998-01-05;623.08
1998-01-07;613.03
1998-01-08;609.44
1998-01-09;595.66
1998-01-12;569.97
1998-01-13;570.49
1998-01-14;584.77
1998-01-15;590.64
1998-01-16;598.17
1998-01-19;604.09
1998-01-20;605.15
1998-01-21;608.65
1998-01-22;602.2
1998-01-23;601.23
1998-01-26;607.92
1998-01-27;621.58
1998-01-28;624.77
1998-01-29;629.32
1998-01-30;627.14
1998-02-02;638.69
1998-02-03;633.76
1998-02-04;632.71
1998-02-05;639.5
1998-02-06;645.05
1998-02-09;646.81
1998-02-10;647.47
1998-02-11;651.78
1998-02-12;646.72
1998-02-13;650.7
1998-02-16;655.95
1998-02-17;666.47
1998-02-18;665.46
1998-02-19;665.47
1998-02-20;666.23
1998-02-23;668.64
1998-02-24;668.69
1998-02-25;681.98
1998-02-26;683.58
1998-02-27;683.34
1998-03-02;690.99
1998-03-03;683.62
1998-03-04;678.75
1998-03-05;677.47
1998-03-06;689.48
1998-03-09;698.37
1998-03-10;701.46
1998-03-11;707.35
1998-03-12;711.91
1998-03-13;716.05
1998-03-16;721.96
1998-03-17;729.3
1998-03-18;726.26
1998-03-19;725.44
1998-03-20;729.69
1998-03-23;730.42
1998-03-24;733.26
1998-03-25;740.46
1998-03-26;729.39
1998-03-27;733.43
1998-03-30;727.69
1998-03-31;725.23
1998-04-01;731.28
1998-04-02;729.68
1998-04-03;747.26
1998-04-06;761.02
1998-04-07;751.28
1998-04-08;745.95
1998-04-09;753.21
1998-04-14;766.73
1998-04-15;775.07
1998-04-16;765.16
1998-04-17;759.46
1998-04-20;757.42
1998-04-21;763.82
1998-04-22;744.63
1998-04-23;739.54
1998-04-24;735.29
1998-04-27;718.76
1998-04-28;732.81
1998-04-29;726.88
1998-04-30;737.02
1998-05-04;753.56
1998-05-05;751.74
1998-05-06;762.54
1998-05-07;759.44
1998-05-08;760.22
1998-05-11;771.39
1998-05-12;764.27
1998-05-13;759.23
1998-05-14;755.35
1998-05-15;761.39
1998-05-18;752.94
1998-05-19;762.6
1998-05-20;767.11
1998-05-22;775.27
1998-05-25;786.84
1998-05-26;786.08
1998-05-27;767.63
1998-05-28;764.3
1998-05-29;765.59
1998-06-02;761.17
1998-06-03;759.05
1998-06-04;757.04
1998-06-05;783.04
1998-06-08;793.81
1998-06-09;800.46
1998-06-10;790.51
1998-06-11;779.76
1998-06-12;770.11
1998-06-15;750.39
1998-06-16;743.16
1998-06-17;760.64
1998-06-18;744.83
1998-06-22;734.34
1998-06-23;751.53
1998-06-24;755.56
1998-06-25;771.85
1998-06-26;773.91
1998-06-29;777.12
1998-06-30;776.52
1998-07-01;787.13
1998-07-02;790.26
1998-07-03;797.84
1998-07-06;799.94
1998-07-07;806.14
1998-07-08;810.82
1998-07-09;806.16
1998-07-10;798.34
1998-07-13;807.12
1998-07-14;810.9
1998-07-15;820.9
1998-07-16;814.24
1998-07-17;821.98
1998-07-20;823.2
1998-07-21;818.28
1998-07-22;802.11
1998-07-23;806.86
1998-07-24;799.11
1998-07-27;776.5
1998-07-28;768.81
1998-07-29;779.63
1998-07-30;779.83
1998-07-31;769.37
1998-08-03;769.11
1998-08-04;762.26
1998-08-05;745.4
1998-08-06;733.07
1998-08-07;744.53
1998-08-10;721.91
1998-08-11;699.58
1998-08-12;709.95
1998-08-13;700.05
1998-08-14;712.5
1998-08-17;712.15
1998-08-18;743.04
1998-08-19;740.68
1998-08-20;733.61
1998-08-21;707.88
1998-08-24;712.32
1998-08-25;717.85
1998-08-26;701.53
1998-08-27;672.4
1998-08-28;660.86
1998-08-31;657.78
1998-09-01;641.19
1998-09-02;643.89
1998-09-03;624.03
1998-09-04;643.53
1998-09-07;655.45
1998-09-08;671.58
1998-09-09;654.11
1998-09-10;633.77
1998-09-11;627.78
1998-09-14;633.48
1998-09-15;622.26
1998-09-16;617.14
1998-09-17;591.93
1998-09-18;584.05
1998-09-21;576.62
1998-09-22;583.91
1998-09-23;606.88
1998-09-24;594.87
1998-09-25;595.37
1998-09-28;609.97
1998-09-29;606.68
1998-09-30;586.86
1998-10-01;565.05
1998-10-02;557.94
1998-10-05;533.72
1998-10-06;547.12
1998-10-07;534.18
1998-10-08;498.64
1998-10-09;519.08
1998-10-12;579.57
1998-10-13;577.95
1998-10-14;596.27
1998-10-15;608.08
1998-10-16;620.94
1998-10-19;613.05
1998-10-20;626.84
1998-10-21;604.2
1998-10-22;588.52
1998-10-23;595.68
1998-10-26;600.29
1998-10-27;619.83
1998-10-28;601.05
1998-10-29;605.61
1998-10-30;624.42
1998-11-02;651.49
1998-11-03;640.14
1998-11-04;655.47
1998-11-05;638.02
1998-11-06;642.6
1998-11-09;635.81
1998-11-10;636.59
1998-11-11;644.45
1998-11-12;637.83
1998-11-13;638.05
1998-11-16;649.6
1998-11-17;649.01
1998-11-18;662.93
1998-11-19;671.08
1998-11-20;674.05
1998-11-23;686.23
1998-11-24;678.21
1998-11-25;691.8
1998-11-26;707.44
1998-11-27;722.34
1998-11-30;709.27
1998-12-01;689.71
1998-12-02;683.74
1998-12-03;677.92
1998-12-04;681.16
1998-12-07;694.38
1998-12-08;692.94
1998-12-09;728.2
1998-12-10;686.04
1998-12-11;667.48
1998-12-14;656.24
1998-12-15;651.32
1998-12-16;668.12
1998-12-17;674.84
1998-12-18;661.18
1998-12-21;672.61
1998-12-22;680.19
1998-12-23;701.88
1998-12-28;711.45
1998-12-29;705.52
1998-12-30;701.31
1999-01-04;727.1
1999-01-05;736.09
1999-01-07;739.81
1999-01-08;738.71
1999-01-11;723.79
1999-01-12;710.42
1999-01-13;689.05
1999-01-14;696.06
1999-01-15;695.93
1999-01-18;717.94
1999-01-19;720.53
1999-01-20;718.13
1999-01-21;706.57
1999-01-22;693.48
1999-01-25;694.38
1999-01-26;692.68
1999-01-27;700.17
1999-01-28;717.83
1999-01-29;722.37
1999-02-01;733.1
1999-02-02;733.68
1999-02-03;732.15
1999-02-04;738.85
1999-02-05;737.32
1999-02-08;729.54
1999-02-09;715.46
1999-02-10;707.58
1999-02-11;706.64
1999-02-12;712.53
1999-02-15;714.07
1999-02-16;722.81
1999-02-17;711.89
1999-02-18;715.55
1999-02-19;725.37
1999-02-22;739.34
1999-02-23;739.5
1999-02-24;744.68
1999-02-25;733.96
1999-02-26;732.73
1999-03-01;718.32
1999-03-02;725.91
1999-03-03;723.16
1999-03-04;724.45
1999-03-05;737.02
1999-03-08;729.23
1999-03-09;731.75
1999-03-10;721.73
1999-03-11;725.92
1999-03-12;725.36
1999-03-15;722.3
1999-03-16;726.11
1999-03-17;719.37
1999-03-18;708.33
1999-03-19;724.51
1999-03-22;718.71
1999-03-23;718.25
1999-03-24;706.29
1999-03-25;727.2
1999-03-26;731.88
1999-03-29;737.74
1999-03-30;735.16
1999-03-31;742.87
1999-04-01;746.24
1999-04-06;770.03
1999-04-07;766.93
1999-04-08;766.55
1999-04-09;767.69
1999-04-12;759.37
1999-04-13;766.51
1999-04-14;770.51
1999-04-15;754.89
1999-04-16;765.71
1999-04-19;778.57
1999-04-20;763.3
1999-04-21;774.1
1999-04-22;780.3
1999-04-23;777.73
1999-04-26;783.73
1999-04-27;788.96
1999-04-28;781.17
1999-04-29;777.53
1999-04-30;776.95
1999-05-03;792.89
1999-05-04;792.35
1999-05-05;777.68
1999-05-06;767.04
1999-05-07;765.16
1999-05-10;767.86
1999-05-11;776.19
1999-05-12;778.32
1999-05-14;774.5
1999-05-17;767.59
1999-05-18;777.89
1999-05-19;790.42
1999-05-20;795
1999-05-21;795.18
1999-05-25;786.92
1999-05-26;782.45
1999-05-27;774.46
1999-05-28;772.15
1999-05-31;772.98
1999-06-01;772.74
1999-06-02;778.14
1999-06-03;788.37
1999-06-04;794.28
1999-06-07;806.08
1999-06-08;805.76
1999-06-09;817.11
1999-06-10;808.36
1999-06-11;821.17
1999-06-14;819.5
1999-06-15;810.67
1999-06-16;820.41
1999-06-17;817.95
1999-06-18;832.33
1999-06-21;840.98
1999-06-22;836.69
1999-06-23;830.92
1999-06-24;830.57
1999-06-28;832.12
1999-06-29;837.97
1999-06-30;829.14
1999-07-01;837.16
1999-07-02;846.99
1999-07-05;852.78
1999-07-06;847.59
1999-07-07;826.01
1999-07-08;824.51
1999-07-09;830.88
1999-07-12;834.07
1999-07-13;821.21
1999-07-14;822.43
1999-07-15;831.37
1999-07-16;826.16
1999-07-19;831.69
1999-07-20;823.47
1999-07-21;815.51
1999-07-22;803.85
1999-07-23;809.95
1999-07-26;812.83
1999-07-27;816.56
1999-07-28;826
1999-07-29;811.09
1999-07-30;823.27
1999-08-02;818.69
1999-08-03;813.17
1999-08-04;810.05
1999-08-05;794.53
1999-08-06;801.38
1999-08-09;813.18
1999-08-10;802.04
1999-08-11;811.06
1999-08-12;826.86
1999-08-13;831.56
1999-08-16;834.67
1999-08-17;837.29
1999-08-18;837.88
1999-08-19;828.46
1999-08-20;844.84
1999-08-23;858.78
1999-08-24;856.52
1999-08-25;864.32
1999-08-26;867.05
1999-08-27;865.95
1999-08-30;855.74
1999-08-31;836.92
1999-09-01;840.79
1999-09-02;832.28
1999-09-03;851.83
1999-09-06;860.41
1999-09-07;853.8
1999-09-08;846.14
1999-09-09;845.76
1999-09-10;851.87
1999-09-13;848.19
1999-09-14;846.12
1999-09-15;834.85
1999-09-16;833.31
1999-09-17;839.55
1999-09-20;848.31
1999-09-21;845.65
1999-09-22;838.81
1999-09-23;844.85
1999-09-24;835.39
1999-09-27;845.73
1999-09-28;841.59
1999-09-29;831.75
1999-09-30;832.34
1999-10-01;835.09
1999-10-04;838.29
1999-10-05;839.29
1999-10-06;849.33
1999-10-07;858.17
1999-10-08;866.99
1999-10-11;871.66
1999-10-12;863.45
1999-10-13;855.63
1999-10-14;851.55
1999-10-15;836.56
1999-10-18;827.4
1999-10-19;844.45
1999-10-20;843.27
1999-10-21;840.14
1999-10-22;873.32
1999-10-25;875.63
1999-10-26;888.38
1999-10-27;890.81
1999-10-28;903.65
1999-10-29;923
1999-11-01;921.37
1999-11-02;923.78
1999-11-03;926.42
1999-11-04;944.02
1999-11-05;943.84
1999-11-08;955.68
1999-11-09;948.57
1999-11-10;962.01
1999-11-11;978.36
1999-11-12;974.46
1999-11-15;989.18
1999-11-16;998.35
1999-11-17;1012.62
1999-11-18;1037.99
1999-11-19;1019.58
1999-11-22;1012.03
1999-11-23;1015.57
1999-11-24;1010.46
1999-11-25;1028
1999-11-26;1041.31
1999-11-29;1048.05
1999-11-30;1030.97
1999-12-01;1057.16
1999-12-02;1070.29
1999-12-03;1095.64
1999-12-06;1108.08
1999-12-07;1111.47
1999-12-08;1176.13
1999-12-09;1140.9
1999-12-10;1126.03
1999-12-13;1131.62
1999-12-14;1143.07
1999-12-15;1112.77
1999-12-16;1120.01
1999-12-17;1131.42
1999-12-20;1125.17
1999-12-21;1121.2
1999-12-22;1134
1999-12-23;1151.47
1999-12-27;1154.56
1999-12-28;1169.01
1999-12-29;1183.11
1999-12-30;1198.97
2000-01-03;1211.79
2000-01-04;1182.03
2000-01-05;1131.3
2000-01-07;1152.54
2000-01-10;1184.77
2000-01-11;1190.34
2000-01-12;1190.15
2000-01-13;1195.48
2000-01-14;1217.95
2000-01-17;1245.69
2000-01-18;1215.4
2000-01-19;1213.77
2000-01-20;1217.73
2000-01-21;1218.19
2000-01-24;1229.51
2000-01-25;1215.41
2000-01-26;1226.31
2000-01-27;1214.75
2000-01-28;1245.99
2000-01-31;1220.23
2000-02-01;1261.15
2000-02-02;1313.84
2000-02-03;1318.61
2000-02-04;1329.3
2000-02-07;1349.28
2000-02-08;1356.27
2000-02-09;1363.34
2000-02-10;1371.14
2000-02-11;1379.14
2000-02-14;1350.31
2000-02-15;1309.94
2000-02-16;1343.31
2000-02-17;1352.06
2000-02-18;1371.35
2000-02-21;1376.3
2000-02-22;1347.83
2000-02-23;1365.03
2000-02-24;1379.84
2000-02-25;1427.61
2000-02-28;1432.47
2000-02-29;1433.08
2000-03-01;1463.75
2000-03-02;1515.62
2000-03-03;1530.02
2000-03-06;1537.33
2000-03-07;1539
2000-03-08;1480.78
2000-03-09;1481.87
2000-03-10;1504.02
2000-03-13;1466.58
2000-03-14;1466.87
2000-03-15;1409.77
2000-03-16;1407.84
2000-03-17;1444.19
2000-03-20;1490.38
2000-03-21;1479.51
2000-03-22;1496.01
2000-03-23;1467.11
2000-03-24;1478.75
2000-03-27;1473.53
2000-03-28;1440.67
2000-03-29;1427.88
2000-03-30;1387.21
2000-03-31;1383.66
2000-04-03;1368.99
2000-04-04;1359.11
2000-04-05;1320.59
2000-04-06;1386.93
2000-04-07;1408.66
2000-04-10;1414.2
2000-04-11;1368.65
2000-04-12;1340.84
2000-04-13;1312.51
2000-04-14;1275.73
2000-04-17;1291.18
2000-04-18;1325.83
2000-04-19;1367.19
2000-04-20;1347.91
2000-04-25;1348.83
2000-04-26;1379.09
2000-04-27;1403.81
2000-04-28;1429.61
2000-05-02;1462.53
2000-05-03;1425.97
2000-05-04;1439.33
2000-05-05;1440.19
2000-05-08;1411.02
2000-05-09;1398.63
2000-05-10;1359.32
2000-05-11;1358.68
2000-05-12;1384.06
2000-05-15;1369.1
2000-05-16;1428.89
2000-05-17;1416.34
2000-05-18;1429.04
2000-05-19;1369.62
2000-05-22;1314.11
2000-05-23;1352.05
2000-05-24;1292.45
2000-05-25;1341.38
2000-05-26;1315.76
2000-05-29;1325.02
2000-05-30;1366.54
2000-05-31;1377.15
2000-06-02;1442.36
2000-06-05;1421.87
2000-06-06;1425.15
2000-06-07;1415.06
2000-06-08;1422.34
2000-06-09;1420.32
2000-06-13;1375.37
2000-06-14;1368.32
2000-06-15;1341.54
2000-06-16;1338.09
2000-06-19;1322.63
2000-06-20;1381.55
2000-06-21;1362.56
2000-06-22;1339.23
2000-06-26;1331.64
2000-06-27;1305.73
2000-06-28;1332.49
2000-06-29;1284.46
2000-06-30;1315.1
2000-07-03;1342.75
2000-07-04;1353.57
2000-07-05;1336.25
2000-07-06;1338.48
2000-07-07;1374.03
2000-07-10;1376
2000-07-11;1361.53
2000-07-12;1380.09
2000-07-13;1406.37
2000-07-14;1420.35
2000-07-17;1444.24
2000-07-18;1416.46
2000-07-19;1397.78
2000-07-20;1425.53
2000-07-21;1352.48
2000-07-24;1359.72
2000-07-25;1345.8
2000-07-26;1342.41
2000-07-27;1307.02
2000-07-28;1300.32
2000-07-31;1320.12
2000-08-01;1310.55
2000-08-02;1299.32
2000-08-03;1255.5
2000-08-04;1260.99
2000-08-07;1281.48
2000-08-08;1287.62
2000-08-09;1306.11
2000-08-10;1289.49
2000-08-11;1268.35
2000-08-14;1290.59
2000-08-15;1280.37
2000-08-16;1300.13
2000-08-17;1311.32
2000-08-18;1311.31
2000-08-21;1311.89
2000-08-22;1332.56
2000-08-23;1321.87
2000-08-24;1316.21
2000-08-25;1321.9
2000-08-28;1324.57
2000-08-29;1314.27
2000-08-30;1318.51
2000-08-31;1336.87
2000-09-01;1358.26
2000-09-04;1377.94
2000-09-05;1372.25
2000-09-06;1360.06
2000-09-07;1361.26
2000-09-08;1328.63
2000-09-11;1318.47
2000-09-12;1322.18
2000-09-13;1301.54
2000-09-14;1333.16
2000-09-15;1307.86
2000-09-18;1293.62
2000-09-19;1304.03
2000-09-20;1289.05
2000-09-21;1256.24
2000-09-22;1254.54
2000-09-25;1273.78
2000-09-26;1248.96
2000-09-27;1243.76
2000-09-28;1222.92
2000-09-29;1218.17
2000-10-02;1234.04
2000-10-03;1243.39
2000-10-04;1227.18
2000-10-05;1239.63
2000-10-06;1225.05
2000-10-09;1184.94
2000-10-10;1190.36
2000-10-11;1147.94
2000-10-12;1162.79
2000-10-13;1170.74
2000-10-16;1192.04
2000-10-17;1174.52
2000-10-18;1113.67
2000-10-19;1179.78
2000-10-20;1135.52
2000-10-23;1120.8
2000-10-24;1175.23
2000-10-25;1152.13
2000-10-26;1148.59
2000-10-27;1158.84
2000-10-30;1151.67
2000-10-31;1179.31
2000-11-01;1190.41
2000-11-02;1190.17
2000-11-03;1197.53
2000-11-06;1186.32
2000-11-07;1174.33
2000-11-08;1173.84
2000-11-09;1153.26
2000-11-10;1123.61
2000-11-13;1103.01
2000-11-14;1134.39
2000-11-15;1152.58
2000-11-16;1139.13
2000-11-17;1128.64
2000-11-20;1125.22
2000-11-21;1120.99
2000-11-22;1082.75
2000-11-23;1086.63
2000-11-24;1112.64
2000-11-27;1126
2000-11-28;1112.31
2000-11-29;1111.37
2000-11-30;1095.43
2000-12-01;1119.94
2000-12-04;1092.27
2000-12-05;1127.85
2000-12-06;1140.93
2000-12-07;1123.14
2000-12-08;1134.46
2000-12-11;1160.72
2000-12-12;1148.28
2000-12-13;1130.89
2000-12-14;1115.71
2000-12-15;1093.19
2000-12-18;1081.41
2000-12-19;1099.73
2000-12-20;1047.74
2000-12-21;1050.07
2000-12-22;1046.51
2000-12-27;1059.6
2000-12-28;1065.78
2000-12-29;1056.11
2001-01-02;1041.66
2001-01-03;997.44
2001-01-04;1065.53
2001-01-05;1072
2001-01-08;1066.05
2001-01-09;1042.47
2001-01-10;1032.67
2001-01-11;1056.39
2001-01-12;1072.66
2001-01-15;1086.52
2001-01-16;1058.33
2001-01-17;1100.11
2001-01-18;1109.98
2001-01-19;1106.41
2001-01-22;1099.38
2001-01-23;1081.61
2001-01-24;1098.65
2001-01-25;1120.95
2001-01-26;1073.34
2001-01-29;1080
2001-01-30;1092.11
2001-01-31;1112.58
2001-02-01;1098.44
2001-02-02;1085.2
2001-02-05;1066.84
2001-02-06;1078.35
2001-02-07;1059.95
2001-02-08;1048.35
2001-02-09;1015.73
2001-02-12;1024.3
2001-02-13;1022.61
2001-02-14;989.86
2001-02-15;1022.5
2001-02-16;990.4
2001-02-19;993.7
2001-02-20;987.22
2001-02-21;981.01
2001-02-22;963.05
2001-02-23;942.01
2001-02-26;968.42
2001-02-27;979.82
2001-02-28;975.65
2001-03-01;945.05
2001-03-02;973.57
2001-03-05;981.96
2001-03-06;1008.49
2001-03-07;1009
2001-03-08;989.13
2001-03-09;971.14
2001-03-12;903.67
2001-03-13;902.51
2001-03-14;877.14
2001-03-15;896.76
2001-03-16;869.92
2001-03-19;862.04
2001-03-20;883.21
2001-03-21;853.95
2001-03-22;825.29
2001-03-23;843.3
2001-03-26;882.83
2001-03-27;906.51
2001-03-28;863.12
2001-03-29;842.99
2001-03-30;831.77
2001-04-02;811.76
2001-04-03;790.71
2001-04-04;803.23
2001-04-05;848.06
2001-04-06;825.13
2001-04-09;856.15
2001-04-10;881.87
2001-04-11;870.79
2001-04-12;851.41
2001-04-17;849.67
2001-04-18;899.81
2001-04-19;922.9
2001-04-20;888.21
2001-04-23;867.23
2001-04-24;873.34
2001-04-25;881.85
2001-04-26;890.15
2001-04-27;910.58
2001-04-30;934.49
2001-05-02;934.56
2001-05-03;907.71
2001-05-04;925.11
2001-05-07;932.66
2001-05-08;918.73
2001-05-09;909.85
2001-05-10;919.99
2001-05-11;915.3
2001-05-14;904.9
2001-05-15;902.28
2001-05-16;910.54
2001-05-17;933.01
2001-05-18;944.96
2001-05-21;970.59
2001-05-22;974.7
2001-05-23;959.43
2001-05-25;956.06
2001-05-28;954.81
2001-05-29;941.91
2001-05-30;922.6
2001-05-31;926.68
2001-06-01;917.07
2001-06-05;944.46
2001-06-06;932.86
2001-06-07;920.74
2001-06-08;907.7
2001-06-11;894.02
2001-06-12;877.64
2001-06-13;876.85
2001-06-14;855.87
2001-06-15;866.96
2001-06-18;851.79
2001-06-19;850.67
2001-06-20;839.76
2001-06-21;845.34
2001-06-25;849.77
2001-06-26;845.13
2001-06-27;849.83
2001-06-28;876.58
2001-06-29;879.73
2001-07-02;896.75
2001-07-03;889.79
2001-07-04;873.04
2001-07-05;853.13
2001-07-06;823.02
2001-07-09;821.93
2001-07-10;819.75
2001-07-11;814.03
2001-07-12;832.25
2001-07-13;841.92
2001-07-16;834.76
2001-07-17;826.6
2001-07-18;813.82
2001-07-19;834.2
2001-07-20;828.56
2001-07-23;825.14
2001-07-24;811.51
2001-07-25;798.82
2001-07-26;811.63
2001-07-27;837.1
2001-07-30;854.49
2001-07-31;868.86
2001-08-01;868.01
2001-08-02;866.41
2001-08-03;854.42
2001-08-06;855.41
2001-08-07;858.19
2001-08-08;843.62
2001-08-09;825.07
2001-08-10;816.1
2001-08-13;819.26
2001-08-14;835.44
2001-08-15;828.24
2001-08-16;813.56
2001-08-17;799.65
2001-08-20;791.67
2001-08-21;807.76
2001-08-22;815.4
2001-08-23;822.98
2001-08-24;839.7
2001-08-27;836.98
2001-08-28;826.85
2001-08-29;820.16
2001-08-30;797.95
2001-08-31;793.64
2001-09-03;788.1
2001-09-04;784.24
2001-09-05;760.81
2001-09-06;750.08
2001-09-07;734.54
2001-09-10;733.1
2001-09-11;673.18
2001-09-12;710.09
2001-09-13;718.99
2001-09-14;695.52
2001-09-17;708.92
2001-09-18;695.92
2001-09-19;683.78
2001-09-20;659.17
2001-09-21;653.62
2001-09-24;689.4
2001-09-25;695.18
2001-09-26;680.77
2001-09-27;684.92
2001-09-28;703.22
2001-10-01;693.34
2001-10-02;695.75
2001-10-03;710.3
2001-10-04;725.32
2001-10-05;724.81
2001-10-08;725.82
2001-10-09;712.52
2001-10-10;736.52
2001-10-11;762.82
2001-10-12;747.44
2001-10-15;743.73
2001-10-16;747.55
2001-10-17;779.63
2001-10-18;758.42
2001-10-19;741.79
2001-10-22;743.27
2001-10-23;766.96
2001-10-24;770.99
2001-10-25;751.98
2001-10-26;777.14
2001-10-29;757.88
2001-10-30;735.34
2001-10-31;741.92
2001-11-01;743.8
2001-11-02;747.53
2001-11-05;771.17
2001-11-06;779.64
2001-11-07;784.42
2001-11-08;802.89
2001-11-09;788.97
2001-11-12;775.47
2001-11-13;806.59
2001-11-14;812.79
2001-11-15;822.73
2001-11-16;835.52
2001-11-19;840.36
2001-11-20;821.32
2001-11-21;820.97
2001-11-22;841.28
2001-11-23;841.05
2001-11-26;848.48
2001-11-27;841.51
2001-11-28;829.9
2001-11-29;826.9
2001-11-30;835.06
2001-12-03;832.06
2001-12-04;848.53
2001-12-05;884.67
2001-12-06;880.55
2001-12-07;871.58
2001-12-10;858.48
2001-12-11;862.2
2001-12-12;849.1
2001-12-13;831.64
2001-12-14;819.87
2001-12-17;832.64
2001-12-18;836.05
2001-12-19;820.67
2001-12-20;807.61
2001-12-21;824.57
2001-12-27;839.23
2001-12-28;846.49
2002-01-02;832.4
2002-01-03;867
2002-01-04;869.45
2002-01-07;864.56
2002-01-08;843.45
2002-01-09;842.07
2002-01-10;828.84
2002-01-11;838.23
2002-01-14;809.39
2002-01-15;800.16
2002-01-16;785.52
2002-01-17;797.87
2002-01-18;792.24
2002-01-21;784.45
2002-01-22;787.56
2002-01-23;789.91
2002-01-24;799.14
2002-01-25;789.55
2002-01-28;784.71
2002-01-29;768.18
2002-01-30;754.97
2002-01-31;782.02
2002-02-01;784.49
2002-02-04;785.11
2002-02-05;777.43
2002-02-06;769.89
2002-02-07;774.53
2002-02-08;771.5
2002-02-11;783.7
2002-02-12;784.66
2002-02-13;783.11
2002-02-14;781.75
2002-02-15;770.21
2002-02-18;759.64
2002-02-19;747.94
2002-02-20;747.6
2002-02-21;758.51
2002-02-22;751.33
2002-02-25;758.61
2002-02-26;765.46
2002-02-27;785.91
2002-02-28;783.64
2002-03-01;792.7
2002-03-04;823.35
2002-03-05;819.16
2002-03-06;814.42
2002-03-07;827.54
2002-03-08;833.47
2002-03-11;822.66
2002-03-12;811.25
2002-03-13;812.1
2002-03-14;803.09
2002-03-15;802.78
2002-03-18;804.98
2002-03-19;797.12
2002-03-20;789.26
2002-03-21;789.9
2002-03-22;810.58
2002-03-25;800.31
2002-03-26;790.86
2002-03-27;792.53
2002-03-28;798.61
2002-04-02;790.61
2002-04-03;784.38
2002-04-04;779.15
2002-04-05;783.84
2002-04-08;773.85
2002-04-09;772.28
2002-04-10;776.63
2002-04-11;763.99
2002-04-12;767.71
2002-04-15;773.56
2002-04-16;793.64
2002-04-17;796.76
2002-04-18;779.39
2002-04-19;770.3
2002-04-22;735.64
2002-04-23;730.78
2002-04-24;707.78
2002-04-25;702.65
2002-04-26;717.83
2002-04-29;710.42
2002-04-30;714.34
2002-05-01;714.34
2002-05-02;714.39
2002-05-03;695.84
2002-05-06;690.51
2002-05-07;698.24
2002-05-08;715.37
2002-05-10;701.64
2002-05-13;706.45
2002-05-14;714.48
2002-05-15;718.25
2002-05-16;708.59
2002-05-17;713.84
2002-05-21;703.41
2002-05-22;688.13
2002-05-23;690.77
2002-05-24;691.3
2002-05-27;689.24
2002-05-28;683.94
2002-05-29;674.07
2002-05-30;659.02
2002-05-31;659.89
2002-06-03;658.61
2002-06-04;648.55
2002-06-05;652.75
2002-06-06;644.55
2002-06-07;632.89
2002-06-10;638.71
2002-06-11;635.07
2002-06-12;620.47
2002-06-13;622.4
2002-06-14;609.73
2002-06-17;620.32
2002-06-18;623.93
2002-06-19;611.2
2002-06-20;583.41
2002-06-24;567.02
2002-06-25;590.35
2002-06-26;587.92
2002-06-27;594.96
2002-06-28;607.9
2002-07-01;609.29
2002-07-02;596.33
2002-07-03;578.26
2002-07-04;586.5
2002-07-05;609.52
2002-07-08;610.47
2002-07-09;605.18
2002-07-10;590.28
2002-07-11;564.36
2002-07-12;563.04
2002-07-15;549.87
2002-07-16;551.83
2002-07-17;572.23
2002-07-18;569.03
2002-07-19;546.48
2002-07-22;522.18
2002-07-23;504.04
2002-07-24;481.49
2002-07-25;505.13
2002-07-26;484.34
2002-07-29;529.11
2002-07-30;532.34
2002-07-31;541.32
2002-08-01;529.93
2002-08-02;519.94
2002-08-05;497.55
2002-08-06;506.24
2002-08-07;506.78
2002-08-08;518.27
2002-08-09;517.33
2002-08-12;519.95
2002-08-13;519.62
2002-08-14;509.88
2002-08-15;523.04
2002-08-16;519
2002-08-19;523.19
2002-08-20;522.48
2002-08-21;537.84
2002-08-22;564.14
2002-08-23;546.55
2002-08-26;537.95
2002-08-27;539.06
2002-08-28;529.81
2002-08-29;523.26
2002-08-30;525.83
2002-09-02;523.54
2002-09-03;503.26
2002-09-04;503.32
2002-09-05;501.81
2002-09-06;513.18
2002-09-09;510.37
2002-09-10;515.95
2002-09-11;532.71
2002-09-12;518.53
2002-09-13;511.8
2002-09-16;510.54
2002-09-17;505.36
2002-09-18;485.79
2002-09-19;478.84
2002-09-20;475.64
2002-09-23;455.92
2002-09-24;451.83
2002-09-25;459.6
2002-09-26;480.95
2002-09-27;474.69
2002-09-30;445.65
2002-10-01;453.29
2002-10-02;463.66
2002-10-03;455.14
2002-10-04;448.66
2002-10-07;429
2002-10-08;421.93
2002-10-09;421.01
2002-10-10;434.52
2002-10-11;462.32
2002-10-14;460.22
2002-10-15;492.23
2002-10-16;481.83
2002-10-17;491.46
2002-10-18;499.61
2002-10-21;501.88
2002-10-22;496.24
2002-10-23;482.8
2002-10-24;497.4
2002-10-25;495.53
2002-10-28;504.7
2002-10-29;488.12
2002-10-30;501.62
2002-10-31;511.32
2002-11-01;502.58
2002-11-04;523.42
2002-11-05;534.75
2002-11-06;527.02
2002-11-07;514.61
2002-11-08;516.23
2002-11-11;513.2
2002-11-12;529.55
2002-11-13;535.11
2002-11-14;548.03
2002-11-15;542.72
2002-11-18;554.37
2002-11-19;542.68
2002-11-20;546.3
2002-11-21;568.08
2002-11-22;573.46
2002-11-25;566.5
2002-11-26;555.78
2002-11-27;578.25
2002-11-28;584.02
2002-11-29;575.24
2002-12-02;570.82
2002-12-03;559.57
2002-12-04;558.5
2002-12-05;551.92
2002-12-06;550.29
2002-12-09;542.46
2002-12-10;541.64
2002-12-11;543.08
2002-12-12;533.17
2002-12-13;534.03
2002-12-16;534.16
2002-12-17;518.78
2002-12-18;505.82
2002-12-19;508.36
2002-12-20;509.81
2002-12-23;508.32
2002-12-27;494.37
2002-12-30;493.2
2003-01-02;514.79
2003-01-03;519.75
2003-01-07;518.66
2003-01-08;504.78
2003-01-09;508.27
2003-01-10;514.67
2003-01-13;519.11
2003-01-14;526.01
2003-01-15;521.32
2003-01-16;521.44
2003-01-17;509.61
2003-01-20;515.77
2003-01-21;508.64
2003-01-22;500.38
2003-01-23;497.97
2003-01-24;494.18
2003-01-27;475.65
2003-01-28;469.16
2003-01-29;466.82
2003-01-30;479.68
2003-01-31;477.8
2003-02-03;481.8
2003-02-04;464
2003-02-05;476.34
2003-02-06;474.25
2003-02-07;466.97
2003-02-10;456.53
2003-02-11;469.07
2003-02-12;473.17
2003-02-13;474.3
2003-02-14;479.38
2003-02-17;493.91
2003-02-18;499.17
2003-02-19;491.29
2003-02-20;479.98
2003-02-21;478.19
2003-02-24;474.47
2003-02-25;461.46
2003-02-26;459.1
2003-02-27;464
2003-02-28;469.97
2003-03-03;471.43
2003-03-04;463.13
2003-03-05;459.64
2003-03-06;457.71
2003-03-07;452.03
2003-03-10;446
2003-03-11;440.82
2003-03-12;432.36
2003-03-13;450.74
2003-03-14;465.77
2003-03-17;484
2003-03-18;485.22
2003-03-19;490.4
2003-03-20;494.14
2003-03-21;503.4
2003-03-24;489.38
2003-03-25;489.3
2003-03-26;486.82
2003-03-27;478.9
2003-03-28;475.39
2003-03-31;457.78
2003-04-01;461.69
2003-04-02;480.45
2003-04-03;480.86
2003-04-04;482.89
2003-04-07;503
2003-04-08;493.71
2003-04-09;492.43
2003-04-10;483.12
2003-04-11;483.48
2003-04-14;483.87
2003-04-15;495.6
2003-04-16;493.93
2003-04-17;495.59
2003-04-22;497.98
2003-04-23;503.67
2003-04-24;503.47
2003-04-25;497.92
2003-04-28;513.59
2003-04-29;521.49
2003-04-30;521.92
2003-05-02;519.29
2003-05-05;524.3
2003-05-06;525.78
2003-05-07;515.33
2003-05-08;506.19
2003-05-09;513.44
2003-05-12;515.81
2003-05-13;524
2003-05-14;519.78
2003-05-15;520.01
2003-05-16;518.45
2003-05-19;504.75
2003-05-20;499.48
2003-05-21;492.31
2003-05-22;497.34
2003-05-23;498.95
2003-05-26;495.55
2003-05-27;502.35
2003-05-28;512.94
2003-05-30;514.46
2003-06-02;518.52
2003-06-03;511.85
2003-06-04;516.96
2003-06-05;517.03
2003-06-06;528.88
2003-06-10;527.05
2003-06-11;533.76
2003-06-12;539.04
2003-06-13;529.43
2003-06-16;534.85
2003-06-17;541.58
2003-06-18;545.21
2003-06-19;539.15
2003-06-23;531.68
2003-06-24;525.09
2003-06-25;527.96
2003-06-26;528.68
2003-06-27;536.54
2003-06-30;531.46
2003-07-01;522.32
2003-07-02;529.86
2003-07-03;537.95
2003-07-04;539.05
2003-07-07;551.94
2003-07-08;550.17
2003-07-09;546.28
2003-07-10;540.83
2003-07-11;544.16
2003-07-14;553.67
2003-07-15;554.53
2003-07-16;549.91
2003-07-17;546.23
2003-07-18;552.67
2003-07-21;551.26
2003-07-22;549.49
2003-07-23;546.73
2003-07-24;555.66
2003-07-25;552.78
2003-07-28;562.67
2003-07-29;560.4
2003-07-30;564.86
2003-07-31;571.01
2003-08-01;568.51
2003-08-04;567.72
2003-08-05;570.62
2003-08-06;558.44
2003-08-07;555.74
2003-08-08;557.87
2003-08-11;557.91
2003-08-12;567.64
2003-08-13;574.52
2003-08-14;578.37
2003-08-15;574.94
2003-08-18;585.26
2003-08-19;592.48
2003-08-20;592.64
2003-08-21;599.13
2003-08-22;597.1
2003-08-25;589.84
2003-08-26;583.9
2003-08-27;588.06
2003-08-28;589.97
2003-08-29;586.43
2003-09-01;598.45
2003-09-02;601.1
2003-09-03;611.12
2003-09-04;611.15
2003-09-05;612.49
2003-09-08;615.14
2003-09-09;609.11
2003-09-10;599.18
2003-09-11;600.44
2003-09-12;602.77
2003-09-15;603.71
2003-09-16;609.53
2003-09-17;608.99
2003-09-18;608.48
2003-09-19;603.03
2003-09-22;589.36
2003-09-23;588.08
2003-09-24;581.22
2003-09-25;576.78
2003-09-26;581.65
2003-09-29;575.61
2003-09-30;567.02
2003-10-01;572.56
2003-10-02;570.39
2003-10-03;591.24
2003-10-06;590.99
2003-10-07;589.73
2003-10-08;592.96
2003-10-09;601.75
2003-10-10;596.21
2003-10-13;605.33
2003-10-14;610.69
2003-10-15;615.08
2003-10-16;609.67
2003-10-17;610.02
2003-10-20;613.02
2003-10-21;608.11
2003-10-22;594.31
2003-10-23;600.73
2003-10-24;605.59
2003-10-27;614.77
2003-10-28;622.03
2003-10-29;618.56
2003-10-30;620.28
2003-10-31;617.57
2003-11-03;622.09
2003-11-04;619.16
2003-11-05;612.08
2003-11-06;616.66
2003-11-07;622.38
2003-11-10;618.34
2003-11-11;614.33
2003-11-12;617.21
2003-11-13;624.65
2003-11-14;631.3
2003-11-17;617.52
2003-11-18;615.15
2003-11-19;608.38
2003-11-20;605.42
2003-11-21;603.13
2003-11-24;613.61
2003-11-25;612.38
2003-11-26;609.48
2003-11-27;617.02
2003-11-28;614.52
2003-12-01;621.26
2003-12-02;621.92
2003-12-03;622.54
2003-12-04;626.28
2003-12-05;623.24
2003-12-08;616.35
2003-12-09;616.97
2003-12-10;616.23
2003-12-11;617.44
2003-12-12;617.53
2003-12-15;621.6
2003-12-16;614.08
2003-12-17;606.08
2003-12-18;613.78
2003-12-19;618.55
2003-12-22;618.39
2003-12-23;628.11
2003-12-29;638.62
2003-12-30;636.29
2004-01-02;644.48
2004-01-05;644.55
2004-01-06;644.55
2004-01-07;635.47
2004-01-08;647.7
2004-01-09;650.48
2004-01-12;652.33
2004-01-13;655.1
2004-01-14;661.13
2004-01-15;665.12
2004-01-16;672.54
2004-01-19;676.15
2004-01-20;671.25
2004-01-21;667
2004-01-22;672.92
2004-01-23;674.65
2004-01-26;676.87
2004-01-27;675.18
2004-01-28;672.1
2004-01-29;666.32
2004-01-30;673.91
2004-02-02;670.48
2004-02-03;669.87
2004-02-04;667.89
2004-02-05;673.12
2004-02-06;687.59
2004-02-09;691.47
2004-02-10;698.34
2004-02-11;699.79
2004-02-12;694.13
2004-02-13;689.16
2004-02-16;695.8
2004-02-17;700
2004-02-18;699.6
2004-02-19;705.81
2004-02-20;700.1
2004-02-23;703.9
2004-02-24;690.56
2004-02-25;693.77
2004-02-26;697.44
2004-02-27;698.18
2004-03-01;704.47
2004-03-02;713.93
2004-03-03;718.99
2004-03-04;716.41
2004-03-05;717.24
2004-03-08;718.39
2004-03-09;706.98
2004-03-10;705.83
2004-03-11;683.16
2004-03-12;688.93
2004-03-15;680.19
2004-03-16;683.41
2004-03-17;693.1
2004-03-18;679.42
2004-03-19;681.76
2004-03-22;662.73
2004-03-23;670.17
2004-03-24;666.61
2004-03-25;678.33
2004-03-26;679.57
2004-03-29;691.59
2004-03-30;688.1
2004-03-31;690.28
2004-04-01;705.05
2004-04-02;713.11
2004-04-05;721.04
2004-04-06;717.59
2004-04-07;718.04
2004-04-08;719.93
2004-04-13;720.87
2004-04-14;714.18
2004-04-15;710.89
2004-04-16;713.12
2004-04-19;716.19
2004-04-20;725.07
2004-04-21;716.3
2004-04-22;728.07
2004-04-23;720
2004-04-26;716.11
2004-04-27;714.29
2004-04-28;698.32
2004-04-29;693.6
2004-04-30;685.59
2004-05-03;689.97
2004-05-04;688.35
2004-05-05;696.71
2004-05-06;677.48
2004-05-07;676.35
2004-05-10;652.21
2004-05-11;664.86
2004-05-12;651.6
2004-05-13;668.39
2004-05-14;663.75
2004-05-17;653.85
2004-05-18;658.86
2004-05-19;670.88
2004-05-21;667.02
2004-05-24;670.12
2004-05-25;663.77
2004-05-26;665.26
2004-05-27;671.79
2004-05-28;673.95
2004-05-31;673.95
2004-06-01;666.06
2004-06-02;672.03
2004-06-03;676
2004-06-04;685.49
2004-06-07;693.17
2004-06-08;691.3
2004-06-09;687.24
2004-06-10;686.61
2004-06-11;687.26
2004-06-14;677.89
2004-06-15;682.92
2004-06-16;686.46
2004-06-17;683.71
2004-06-18;681.37
2004-06-21;680.69
2004-06-22;677.92
2004-06-23;690.46
2004-06-24;697.54
2004-06-25;697.54
2004-06-28;699.27
2004-06-29;697.86
2004-06-30;698.13
2004-07-01;697.97
2004-07-02;695.82
2004-07-05;693.08
2004-07-06;685.4
2004-07-07;684.29
2004-07-08;685.3
2004-07-09;679.5
2004-07-12;669
2004-07-13;676.03
2004-07-14;680.47
2004-07-15;669.12
2004-07-16;673.44
2004-07-19;666.28
2004-07-20;668.7
2004-07-21;683.09
2004-07-22;668.23
2004-07-23;668.45
2004-07-26;661.76
2004-07-27;671.95
2004-07-28;674.36
2004-07-29;680.14
2004-07-30;683.3
2004-08-02;678.8
2004-08-03;679.19
2004-08-04;674.23
2004-08-05;679.04
2004-08-06;663.15
2004-08-09;656.91
2004-08-10;664.67
2004-08-11;653.37
2004-08-12;650.7
2004-08-13;649.36
2004-08-16;656.02
2004-08-17;658.63
2004-08-18;665.41
2004-08-19;666.56
2004-08-20;664.52
2004-08-23;679.23
2004-08-24;676.86
2004-08-25;683.26
2004-08-26;689.02
2004-08-27;690.92
2004-08-30;689.2
2004-08-31;685.03
2004-09-01;693.43
2004-09-02;694.28
2004-09-03;696.67
2004-09-06;697.36
2004-09-07;695.68
2004-09-08;693.66
2004-09-09;687.44
2004-09-10;691.91
2004-09-13;702.62
2004-09-14;699.57
2004-09-15;700.91
2004-09-16;700.03
2004-09-17;701.86
2004-09-20;700.17
2004-09-21;700.98
2004-09-22;702.1
2004-09-23;698.91
2004-09-24;697.69
2004-09-27;693.55
2004-09-28;694.51
2004-09-29;709.94
2004-09-30;705.76
2004-10-01;717.1
2004-10-04;726.79
2004-10-05;726.7
2004-10-06;723.1
2004-10-07;723.5
2004-10-08;721.73
2004-10-11;722.96
2004-10-12;716.44
2004-10-13;724.19
2004-10-14;717.78
2004-10-15;713.8
2004-10-18;713.09
2004-10-19;723.85
2004-10-20;713.77
2004-10-21;710.9
2004-10-22;702.79
2004-10-25;686.33
2004-10-26;690.12
2004-10-27;701.36
2004-10-28;705.07
2004-10-29;702.55
2004-11-01;711.49
2004-11-02;723.72
2004-11-03;726.49
2004-11-04;722.28
2004-11-05;726.54
2004-11-08;728.4
2004-11-09;727.83
2004-11-10;730.27
2004-11-11;735.98
2004-11-12;742.41
2004-11-15;742.64
2004-11-16;739.63
2004-11-17;748.98
2004-11-18;748.44
2004-11-19;740.17
2004-11-22;735.01
2004-11-23;737.83
2004-11-24;738.17
2004-11-25;743.56
2004-11-26;743.52
2004-11-29;745.81
2004-11-30;743.34
2004-12-01;750.13
2004-12-02;753.74
2004-12-03;744.4
2004-12-06;740.45
2004-12-07;746.05
2004-12-08;740.82
2004-12-09;731.91
2004-12-10;736.89
2004-12-13;738.26
2004-12-14;739.11
2004-12-15;737.25
2004-12-16;739.94
2004-12-17;728.94
2004-12-20;735.05
2004-12-21;737.69
2004-12-22;743.3
2004-12-23;741.98
2004-12-27;741.89
2004-12-28;739.84
2004-12-29;740.79
2004-12-30;741.88
2005-01-03;747.76
2005-01-04;753.56
2005-01-05;745.23
2005-01-06;745.23
2005-01-07;748.02
2005-01-10;757.45
2005-01-11;747.8
2005-01-12;734.31
2005-01-13;737.36
2005-01-14;742.63
2005-01-17;747.73
2005-01-18;746.16
2005-01-19;746.09
2005-01-20;736.87
2005-01-21;735.1
2005-01-24;727.56
2005-01-25;736.19
2005-01-26;736.73
2005-01-27;741.92
2005-01-28;735.32
2005-01-31;741.5
2005-02-01;750.06
2005-02-02;754.04
2005-02-03;750.12
2005-02-04;755.57
2005-02-07;765.69
2005-02-08;762.98
2005-02-09;769.05
2005-02-10;755.63
2005-02-11;766.82
2005-02-14;765.38
2005-02-15;770.4
2005-02-16;764.56
2005-02-17;764.11
2005-02-18;758.02
2005-02-21;760.86
2005-02-22;758.64
2005-02-23;759.16
2005-02-24;761.61
2005-02-25;769.89
2005-02-28;769.97
2005-03-01;772.09
2005-03-02;776.54
2005-03-03;775.55
2005-03-04;784.17
2005-03-07;780.47
2005-03-08;775.78
2005-03-09;775.63
2005-03-10;766.64
2005-03-11;771.22
2005-03-14;773.37
2005-03-15;778.35
2005-03-16;765.43
2005-03-17;766.6
2005-03-18;764.26
2005-03-21;760.17
2005-03-22;766.32
2005-03-23;769.11
2005-03-24;770.48
2005-03-29;771.08
2005-03-30;769.49
2005-03-31;770.39
2005-04-01;778.64
2005-04-04;775.46
2005-04-05;784.13
2005-04-06;789.39
2005-04-07;788.29
2005-04-08;791.09
2005-04-11;792.3
2005-04-12;787.77
2005-04-13;791.83
2005-04-14;796.37
2005-04-15;784.29
2005-04-18;772.86
2005-04-19;773.9
2005-04-20;773.1
2005-04-21;775.28
2005-04-22;785.96
2005-04-25;786.16
2005-04-26;780.32
2005-04-27;757.05
2005-04-28;748.24
2005-04-29;749.54
2005-05-02;754.79
2005-05-03;757.64
2005-05-04;756.54
2005-05-06;766.25
2005-05-09;768.8
2005-05-10;765.45
2005-05-11;762.13
2005-05-12;770.4
2005-05-13;775.2
2005-05-16;774.92
2005-05-17;776.08
2005-05-18;781.66
2005-05-19;785.11
2005-05-20;784.58
2005-05-23;784.34
2005-05-24;784.64
2005-05-25;783.17
2005-05-26;790.13
2005-05-27;790.72
2005-05-30;793.8
2005-05-31;792.39
2005-06-01;795.58
2005-06-02;789.97
2005-06-03;787.58
2005-06-07;793.48
2005-06-08;796.64
2005-06-09;794.6
2005-06-10;799.59
2005-06-13;801.17
2005-06-14;807.62
2005-06-15;804.45
2005-06-16;809.8
2005-06-17;808.62
2005-06-20;811.85
2005-06-21;818.37
2005-06-22;818.93
2005-06-23;828.23
2005-06-27;809.91
2005-06-28;814.28
2005-06-29;821.26
2005-06-30;822.49
2005-07-01;830.15
2005-07-04;832.34
2005-07-05;830.03
2005-07-06;831.58
2005-07-07;818.54
2005-07-08;832.23
2005-07-11;845.63
2005-07-12;843.81
2005-07-13;850.15
2005-07-14;849.89
2005-07-15;848.46
2005-07-18;849.75
2005-07-19;852.5
2005-07-20;846.8
2005-07-21;852.79
2005-07-22;852.52
2005-07-25;852.41
2005-07-26;854.52
2005-07-27;861.49
2005-07-28;863.8
2005-07-29;863.84
2005-08-01;862.97
2005-08-02;870.87
2005-08-03;869.22
2005-08-04;863.53
2005-08-05;860.88
2005-08-08;861
2005-08-09;863.67
2005-08-10;874.86
2005-08-11;870.16
2005-08-12;866.86
2005-08-15;867.3
2005-08-16;865.51
2005-08-17;861.34
2005-08-18;861.41
2005-08-19;866.47
2005-08-22;866.94
2005-08-23;859.25
2005-08-24;849.47
2005-08-25;839.94
2005-08-26;833.86
2005-08-29;841.07
2005-08-30;838.33
2005-08-31;849.51
2005-09-01;851.89
2005-09-02;853.67
2005-09-05;856.21
2005-09-06;860.39
2005-09-07;863.54
2005-09-08;860.78
2005-09-09;868.93
2005-09-12;869.58
2005-09-13;869.2
2005-09-14;873.03
2005-09-15;869.44
2005-09-16;872.43
2005-09-19;872.39
2005-09-20;872.68
2005-09-21;864.05
2005-09-22;867.9
2005-09-23;870.03
2005-09-26;882.83
2005-09-27;882.77
2005-09-28;890.36
2005-09-29;890.99
2005-09-30;896.29
2005-10-03;905.38
2005-10-04;902.79
2005-10-05;898.5
2005-10-06;889.51
2005-10-07;888.13
2005-10-10;892.06
2005-10-11;892.51
2005-10-12;882.77
2005-10-13;873.94
2005-10-14;876.33
2005-10-17;872.89
2005-10-18;870.06
2005-10-19;856.5
2005-10-20;858.7
2005-10-21;854.6
2005-10-24;863.5
2005-10-25;870.78
2005-10-26;872.91
2005-10-27;862.86
2005-10-28;862.66
2005-10-31;882.63
2005-11-01;885.81
2005-11-02;888.65
2005-11-03;898.24
2005-11-04;896.62
2005-11-07;901.61
2005-11-08;899.28
2005-11-09;900.97
2005-11-10;900.64
2005-11-11;914.1
2005-11-14;914.3
2005-11-15;911.53
2005-11-16;912.46
2005-11-17;914.41
2005-11-18;918.98
2005-11-21;922.74
2005-11-22;916.84
2005-11-23;921.71
2005-11-24;917.62
2005-11-25;919.65
2005-11-28;921.8
2005-11-29;919.32
2005-11-30;911.16
2005-12-01;927.16
2005-12-02;933.69
2005-12-05;926.98
2005-12-06;936.08
2005-12-07;936.78
2005-12-08;943.05
2005-12-09;943.16
2005-12-12;940.29
2005-12-13;942.78
2005-12-14;937.12
2005-12-15;934.79
2005-12-16;943.57
2005-12-19;943.72
2005-12-20;943.73
2005-12-21;949.27
2005-12-22;951.31
2005-12-23;958.44
2005-12-27;964.64
2005-12-28;961.12
2005-12-29;966.74
2005-12-30;960.01
2006-01-02;963.39
2006-01-03;967.6
2006-01-04;973.61
2006-01-05;972.89
2006-01-09;982.63
2006-01-10;975.42
2006-01-11;979.78
2006-01-12;976.02
2006-01-13;967.26
2006-01-16;971.64
2006-01-17;960.77
2006-01-18;941.61
2006-01-19;943.44
2006-01-20;935.87
2006-01-23;935.14
2006-01-24;929.22
2006-01-25;938.88
2006-01-26;946.16
2006-01-27;959.35
2006-01-30;958.99
2006-01-31;961.98
2006-02-01;968.9
2006-02-02;969.68
2006-02-03;963.14
2006-02-06;968.45
2006-02-07;961.71
2006-02-08;965.81
2006-02-09;977.4
2006-02-10;968.57
2006-02-13;973.37
2006-02-14;977.83
2006-02-15;976.12
2006-02-16;983.58
2006-02-17;982.89
2006-02-20;985.77
2006-02-21;993.51
2006-02-22;1001.06
2006-02-23;1001.66
2006-02-24;1010.74
2006-02-27;1015.71
2006-02-28;995.01
2006-03-01;1006
2006-03-02;1005.82
2006-03-03;1010.05
2006-03-06;1014.78
2006-03-07;1006.28
2006-03-08;997.44
2006-03-09;1007.76
2006-03-10;1009.43
2006-03-13;1018.36
2006-03-14;1017.71
2006-03-15;1024.44
2006-03-16;1030.2
2006-03-17;1034.06
2006-03-20;1041.37
2006-03-21;1045.12
2006-03-22;1047.12
2006-03-23;1054.54
2006-03-24;1063.74
2006-03-27;1056.92
2006-03-28;1052.67
2006-03-29;1059.93
2006-03-30;1069.34
2006-03-31;1059.94
2006-04-03;1076.5
2006-04-04;1066.14
2006-04-05;1071.43
2006-04-06;1060.67
2006-04-07;1055.71
2006-04-10;1059.14
2006-04-11;1046.21
2006-04-12;1049.55
2006-04-13;1052.03
2006-04-18;1049.68
2006-04-19;1061.41
2006-04-20;1064.9
2006-04-21;1062.79
2006-04-24;1054.49
2006-04-25;1052.99
2006-04-26;1054.06
2006-04-27;1050.03
2006-04-28;1036.87
2006-05-02;1045.92
2006-05-03;1041.1
2006-05-04;1045.66
2006-05-05;1055.45
2006-05-08;1053.76
2006-05-09;1054.12
2006-05-10;1047.24
2006-05-11;1043.4
2006-05-12;1013.69
2006-05-15;997.35
2006-05-16;1001.63
2006-05-17;958.19
2006-05-18;950.08
2006-05-19;951.59
2006-05-22;906.25
2006-05-23;956.05
2006-05-24;933.27
2006-05-26;972.79
2006-05-29;971.17
2006-05-30;937.47
2006-05-31;948.05
2006-06-01;962.29
2006-06-02;954.69
2006-06-05;951.29
2006-06-07;932.79
2006-06-08;892.33
2006-06-09;917.5
2006-06-12;902.16
2006-06-13;878.16
2006-06-14;899.72
2006-06-15;924.8
2006-06-16;909.79
2006-06-19;920.86
2006-06-20;919.12
2006-06-21;925.23
2006-06-22;928.72
2006-06-26;928.56
2006-06-27;915.98
2006-06-28;917.17
2006-06-29;942.52
2006-06-30;956.49
2006-07-03;961.24
2006-07-04;965.42
2006-07-05;952.44
2006-07-06;960.57
2006-07-07;949.62
2006-07-10;954.1
2006-07-11;939.37
2006-07-12;937.87
2006-07-13;921.49
2006-07-14;906.05
2006-07-17;899.35
2006-07-18;893.57
2006-07-19;929.54
2006-07-20;928.55
2006-07-21;914.6
2006-07-24;931.96
2006-07-25;928.69
2006-07-26;944.62
2006-07-27;951.98
2006-07-28;955.05
2006-07-31;946.26
2006-08-01;932.04
2006-08-02;942.21
2006-08-03;938.38
2006-08-04;944.97
2006-08-07;932.1
2006-08-08;932.75
2006-08-09;941.06
2006-08-10;932.94
2006-08-11;937.13
2006-08-14;945.37
2006-08-15;959.33
2006-08-16;967.99
2006-08-17;979.85
2006-08-18;978.15
2006-08-21;977.69
2006-08-22;982.92
2006-08-23;972.19
2006-08-24;971.78
2006-08-25;972.59
2006-08-28;978.3
2006-08-29;985.46
2006-08-30;993.9
2006-08-31;994.16
2006-09-01;997.57
2006-09-04;1011.58
2006-09-05;1008.25
2006-09-06;1001.94
2006-09-07;989.53
2006-09-08;999.08
2006-09-11;993.11
2006-09-12;1011.69
2006-09-13;1022.14
2006-09-14;1027.87
2006-09-15;1025.47
2006-09-18;1032.11
2006-09-19;1026.69
2006-09-20;1039.97
2006-09-21;1041.08
2006-09-22;1028.69
2006-09-25;1017.35
2006-09-26;1025.2
2006-09-27;1040.65
2006-09-28;1038.7
2006-09-29;1039.34
2006-10-02;1043.36
2006-10-03;1034.15
2006-10-04;1046.87
2006-10-05;1060.34
2006-10-06;1059.82
2006-10-09;1066.93
2006-10-10;1071.3
2006-10-11;1080.17
2006-10-12;1097.27
2006-10-13;1092.12
2006-10-16;1093.3
2006-10-17;1077.5
2006-10-18;1091.28
2006-10-19;1089.89
2006-10-20;1094.22
2006-10-23;1099.16
2006-10-24;1097.79
2006-10-25;1099.81
2006-10-26;1094.62
2006-10-27;1088.3
2006-10-30;1082.87
2006-10-31;1085.56
2006-11-01;1094.91
2006-11-02;1084.96
2006-11-03;1084.86
2006-11-06;1102.86
2006-11-07;1108.71
2006-11-08;1107.58
2006-11-09;1107.17
2006-11-10;1099.37
2006-11-13;1106.59
2006-11-14;1103.27
2006-11-15;1117.95
2006-11-16;1112.24
2006-11-17;1098.82
2006-11-20;1106.54
2006-11-21;1109.55
2006-11-22;1107.53
2006-11-23;1108.65
2006-11-24;1089.75
2006-11-27;1058.07
2006-11-28;1061.87
2006-11-29;1085.14
2006-11-30;1068.07
2006-12-01;1059.84
2006-12-04;1074.67
2006-12-05;1089.62
2006-12-06;1086.48
2006-12-07;1096.19
2006-12-08;1095.93
2006-12-11;1111.59
2006-12-12;1130.03
2006-12-13;1128.69
2006-12-14;1128.93
2006-12-15;1139.05
2006-12-18;1138.82
2006-12-19;1126.55
2006-12-20;1136.45
2006-12-21;1138.45
2006-12-22;1141.49
2006-12-27;1150.25
2006-12-28;1150.07
2006-12-29;1147.27
2007-01-02;1164.12
2007-01-03;1158.38
2007-01-04;1149.58
2007-01-05;1147.22
2007-01-08;1144.48
2007-01-09;1143.09
2007-01-10;1133.05
2007-01-11;1160.04
2007-01-12;1159.46
2007-01-15;1173.87
2007-01-16;1170.63
2007-01-17;1175.9
2007-01-18;1173.59
2007-01-19;1180.57
2007-01-22;1181.35
2007-01-23;1175.13
2007-01-24;1177.89
2007-01-25;1185.82
2007-01-26;1177.35
2007-01-29;1178.88
2007-01-30;1190.26
2007-01-31;1185.98
2007-02-01;1191.71
2007-02-02;1187.09
2007-02-05;1192.64
2007-02-06;1201.03
2007-02-07;1206.02
2007-02-08;1193.62
2007-02-09;1201.15
2007-02-12;1187.12
2007-02-13;1190.1
2007-02-14;1212.24
2007-02-15;1220.37
2007-02-16;1215.04
2007-02-19;1221.45
2007-02-20;1211.47
2007-02-21;1207.26
2007-02-22;1207.73
2007-02-23;1218.32
2007-02-26;1229.65
2007-02-27;1183.07
2007-02-28;1157.84
2007-03-01;1151.18
2007-03-02;1159.55
2007-03-05;1147.93
2007-03-06;1148.57
2007-03-07;1164.44
2007-03-08;1187.24
2007-03-09;1188.88
2007-03-12;1191.53
2007-03-13;1175.75
2007-03-14;1136.83
2007-03-15;1166.73
2007-03-16;1166.98
2007-03-19;1188.73
2007-03-20;1196.26
2007-03-21;1204.67
2007-03-22;1223.57
2007-03-23;1221.85
2007-03-26;1206.26
2007-03-27;1214.63
2007-03-28;1201.14
2007-03-29;1214.28
2007-03-30;1214.41
2007-04-02;1225.98
2007-04-03;1245.57
2007-04-04;1241.43
2007-04-05;1242.18
2007-04-10;1255.73
2007-04-11;1249.19
2007-04-12;1253.21
2007-04-13;1263.53
2007-04-16;1277.64
2007-04-17;1278.27
2007-04-18;1271.75
2007-04-19;1267.38
2007-04-20;1282.18
2007-04-23;1278.43
2007-04-24;1260.99
2007-04-25;1264.73
2007-04-26;1274.8
2007-04-27;1264.61
2007-04-30;1273.83
2007-05-02;1267.79
2007-05-03;1256.75
2007-05-04;1264.19
2007-05-07;1272.62
2007-05-08;1240.59
2007-05-09;1239.7
2007-05-10;1221.69
2007-05-11;1240.39
2007-05-14;1254.45
2007-05-15;1257.6
2007-05-16;1259.27
2007-05-18;1269.46
2007-05-21;1263.3
2007-05-22;1255.49
2007-05-23;1279.17
2007-05-24;1273.09
2007-05-25;1269.04
2007-05-28;1275.09
2007-05-29;1271.01
2007-05-30;1261.27
2007-05-31;1276.32
2007-06-01;1292.02
2007-06-04;1284.82
2007-06-05;1281.04
2007-06-07;1232.8
2007-06-08;1238.91
2007-06-11;1249.7
2007-06-12;1237.4
2007-06-13;1244.43
2007-06-14;1267.73
2007-06-15;1276.03
2007-06-18;1288.09
2007-06-19;1276.61
2007-06-20;1278.52
2007-06-21;1252.88
2007-06-25;1250.16
2007-06-26;1244.47
2007-06-27;1241.22
2007-06-28;1257.94
2007-06-29;1254.86
2007-07-02;1254.49
2007-07-03;1274.49
2007-07-04;1279.49
2007-07-05;1274.07
2007-07-06;1278.38
2007-07-09;1293.25
2007-07-10;1284.98
2007-07-11;1284.58
2007-07-12;1307.3
2007-07-13;1308.76
2007-07-16;1311.87
2007-07-17;1300.28
2007-07-18;1291.75
2007-07-19;1302.96
2007-07-20;1283.17
2007-07-23;1293.17
2007-07-24;1274.9
2007-07-25;1255.25
2007-07-26;1212.34
2007-07-27;1215.46
2007-07-30;1228.39
2007-07-31;1243.87
2007-08-01;1221.08
2007-08-02;1235.86
2007-08-03;1220.76
2007-08-06;1203.84
2007-08-07;1216.57
2007-08-08;1243.49
2007-08-09;1209.93
2007-08-10;1170.08
2007-08-13;1205.45
2007-08-14;1193.77
2007-08-15;1183.45
2007-08-16;1145.43
2007-08-17;1163.21
2007-08-20;1176.22
2007-08-21;1170.25
2007-08-22;1191.99
2007-08-23;1197.82
2007-08-24;1209.81
2007-08-27;1200.75
2007-08-28;1170.89
2007-08-29;1187.27
2007-08-30;1201.1
2007-08-31;1213.24
2007-09-03;1222.31
2007-09-04;1226.08
2007-09-05;1197.64
2007-09-06;1190.67
2007-09-07;1159.95
2007-09-10;1147.2
2007-09-11;1172.42
2007-09-12;1180.6
2007-09-13;1196.63
2007-09-14;1179.76
2007-09-17;1160.75
2007-09-18;1178.97
2007-09-19;1221.77
2007-09-20;1208.32
2007-09-21;1212.54
2007-09-24;1198.5
2007-09-25;1184.49
2007-09-26;1196.66
2007-09-27;1217.24
2007-09-28;1221.54
2007-10-01;1229.3
2007-10-02;1235.87
2007-10-03;1241.77
2007-10-04;1243.64
2007-10-05;1257.7
2007-10-08;1251.79
2007-10-09;1258.59
2007-10-10;1260.4
2007-10-11;1267.7
2007-10-12;1260.3
2007-10-15;1249.65
2007-10-16;1203.95
2007-10-17;1206.86
2007-10-18;1187.36
2007-10-19;1169.69
2007-10-22;1145.87
2007-10-23;1175.39
2007-10-24;1158.83
2007-10-25;1172.48
2007-10-26;1173.31
2007-10-29;1176.62
2007-10-30;1170.35
2007-10-31;1183.2
2007-11-01;1168.49
2007-11-02;1153.22
2007-11-05;1157.55
2007-11-06;1163.21
2007-11-07;1150.38
2007-11-08;1145.49
2007-11-09;1115.09
2007-11-12;1126
2007-11-13;1120.29
2007-11-14;1121.57
2007-11-15;1102.59
2007-11-16;1096.69
2007-11-19;1065.74
2007-11-20;1076.95
2007-11-21;1059.08
2007-11-22;1053.64
2007-11-23;1055.93
2007-11-26;1062.65
2007-11-27;1058.63
2007-11-28;1094.36
2007-11-29;1099.11
2007-11-30;1106.71
2007-12-03;1102.39
2007-12-04;1081.22
2007-12-05;1101.87
2007-12-06;1105.23
2007-12-07;1119.7
2007-12-10;1130.9
2007-12-11;1131.58
2007-12-12;1129.88
2007-12-13;1102.12
2007-12-14;1097.69
2007-12-17;1067.85
2007-12-18;1064.62
2007-12-19;1064.47
2007-12-20;1059.99
2007-12-21;1078.93
2007-12-27;1073.66
2007-12-28;1081.44
2008-01-02;1058.37
2008-01-03;1050.61
2008-01-04;1014.63
2008-01-07;1011.49
2008-01-08;1024.42
2008-01-09;1003.69
2008-01-10;989.7
2008-01-11;987.94
2008-01-14;1008
2008-01-15;972.15
2008-01-16;965.63
2008-01-17;966.29
2008-01-18;957.63
2008-01-21;917.75
2008-01-22;955.93
2008-01-23;921.28
2008-01-24;958.55
2008-01-25;961.69
2008-01-28;949.08
2008-01-29;956.97
2008-01-30;951.14
2008-01-31;949.04
2008-02-01;976.43
2008-02-04;976.46
2008-02-05;945.63
2008-02-06;951.84
2008-02-07;925.87
2008-02-08;920.76
2008-02-11;911.39
2008-02-12;945.41
2008-02-13;949.05
2008-02-14;950.84
2008-02-15;938.79
2008-02-18;962.13
2008-02-19;967.42
2008-02-20;954.53
2008-02-21;959.79
2008-02-22;944.13
2008-02-25;961.88
2008-02-26;980.1
2008-02-27;986.3
2008-02-28;971.08
2008-02-29;965.29
2008-03-03;954.22
2008-03-04;931.71
2008-03-05;950.25
2008-03-06;938.07
2008-03-07;925.54
2008-03-10;914.68
2008-03-11;929.63
2008-03-12;947.79
2008-03-13;936.52
2008-03-14;924.22
2008-03-18;914.55
2008-03-19;905.64
2008-03-20;894.78
2008-03-25;932.09
2008-03-26;931.87
2008-03-27;952.99
2008-03-28;951.71
2008-03-31;952.13
2008-04-01;981.23
2008-04-02;996.91
2008-04-03;987.5
2008-04-04;979.57
2008-04-07;993.34
2008-04-08;981.09
2008-04-09;978.5
2008-04-10;969.89
2008-04-11;956.52
2008-04-14;948.4
2008-04-15;950.19
2008-04-16;978.03
2008-04-17;963.79
2008-04-18;981.44
2008-04-21;969.19
2008-04-22;962.35
2008-04-23;976.52
2008-04-24;966.99
2008-04-25;998.83
2008-04-28;1005.31
2008-04-29;990.72
2008-04-30;986.06
2008-05-02;1008.2
2008-05-05;1009.33
2008-05-06;1006.73
2008-05-07;1020.05
2008-05-08;1019.67
2008-05-09;1003.51
2008-05-12;1008.3
2008-05-13;1011.86
2008-05-14;1012.86
2008-05-15;1018.13
2008-05-16;1023.18
2008-05-19;1036.86
2008-05-20;1011.62
2008-05-21;1004.36
2008-05-22;1017.2
2008-05-23;994.23
2008-05-26;997.56
2008-05-27;993
2008-05-28;1002.83
2008-05-29;1001.83
2008-05-30;1004.9
2008-06-02;995.59
2008-06-03;997.86
2008-06-04;983.51
2008-06-05;981.15
2008-06-06;981.15
2008-06-09;957.83
2008-06-10;951.47
2008-06-11;934.86
2008-06-12;947.47
2008-06-13;947.58
2008-06-16;947.49
2008-06-17;956.9
2008-06-18;941.62
2008-06-19;932.82
2008-06-23;914.4
2008-06-24;897.72
2008-06-25;910.64
2008-06-26;880.56
2008-06-27;862.65
2008-06-30;857.65
2008-07-01;841.07
2008-07-02;849.5
2008-07-03;851.58
2008-07-04;839.92
2008-07-07;853.14
2008-07-08;836.38
2008-07-09;851.44
2008-07-10;833.58
2008-07-11;813.6
2008-07-14;826.59
2008-07-15;814.99
2008-07-16;826.83
2008-07-17;858.4
2008-07-18;881.02
2008-07-21;886.62
2008-07-22;863.47
2008-07-23;880.57
2008-07-24;857.33
2008-07-25;858.29
2008-07-28;850.31
2008-07-29;851.63
2008-07-30;865.95
2008-07-31;867.44
2008-08-01;854.68
2008-08-04;847.15
2008-08-05;876.59
2008-08-06;886.52
2008-08-07;881.35
2008-08-08;885.01
2008-08-11;900.26
2008-08-12;894
2008-08-13;868.81
2008-08-14;874.73
2008-08-15;873.33
2008-08-18;875.27
2008-08-19;838
2008-08-20;842.44
2008-08-21;837.07
2008-08-22;865.02
2008-08-25;852.2
2008-08-26;860.71
2008-08-27;862.93
2008-08-28;876.74
2008-08-29;870.86
2008-09-01;873.41
2008-09-02;889.36
2008-09-03;880.75
2008-09-04;850.53
2008-09-05;825.01
2008-09-08;855.95
2008-09-09;846.6
2008-09-10;840.33
2008-09-11;827.66
2008-09-12;847.79
2008-09-15;822.6
2008-09-16;808.91
2008-09-17;779.37
2008-09-18;781.53
2008-09-19;851.72
2008-09-22;836.43
2008-09-23;821.11
2008-09-24;816.7
2008-09-25;836.86
2008-09-26;821.38
2008-09-29;774.33
2008-09-30;768.49
2008-10-01;769.33
2008-10-02;761.69
2008-10-03;780.39
2008-10-06;723.91
2008-10-07;707.21
2008-10-08;663.69
2008-10-09;659.07
2008-10-10;622.98
2008-10-13;675.85
2008-10-14;686.24
2008-10-15;647.03
2008-10-16;627.55
2008-10-17;632.34
2008-10-20;661.7
2008-10-21;666.8
2008-10-22;642.19
2008-10-23;631.19
2008-10-24;593.87
2008-10-27;575.71
2008-10-28;582.5
2008-10-29;615.67
2008-10-30;646.09
2008-10-31;638.91
2008-11-03;667.88
2008-11-04;713.67
2008-11-05;702.52
2008-11-06;658.02
2008-11-07;679.2
2008-11-10;684.71
2008-11-11;649.46
2008-11-12;630.26
2008-11-13;634.72
2008-11-14;635.59
2008-11-17;631.92
2008-11-18;627.37
2008-11-19;594.12
2008-11-20;587.71
2008-11-21;567.61
2008-11-24;626.46
2008-11-25;634.02
2008-11-26;628.86
2008-11-27;645.51
2008-11-28;641.74
2008-12-01;607.09
2008-12-02;636.64
2008-12-03;643.66
2008-12-04;640.39
2008-12-05;608.64
2008-12-08;666.65
2008-12-09;685.42
2008-12-10;688.33
2008-12-11;676.78
2008-12-12;659.8
2008-12-15;651.18
2008-12-16;667
2008-12-17;664.34
2008-12-18;672.26
2008-12-19;663.98
2008-12-22;655.63
2008-12-23;659.18
2008-12-29;657.27
2008-12-30;662.33
2009-01-02;693.78
2009-01-05;693.76
2009-01-07;701.41
2009-01-08;695.95
2009-01-09;685.83
2009-01-12;667.97
2009-01-13;656.62
2009-01-14;622.59
2009-01-15;620.32
2009-01-16;628.69
2009-01-19;621.8
2009-01-20;597.76
2009-01-21;615.11
2009-01-22;608.73
2009-01-23;604.12
2009-01-26;623.25
2009-01-27;624.05
2009-01-28;639.29
2009-01-29;616.1
2009-01-30;617.38
2009-02-02;602.08
2009-02-03;622.74
2009-02-04;644.71
2009-02-05;643.2
2009-02-06;670.54
2009-02-09;688.42
2009-02-10;676.48
2009-02-11;676.35
2009-02-12;672.86
2009-02-13;677.7
2009-02-16;681.61
2009-02-17;647.84
2009-02-18;653.24
2009-02-19;662.45
2009-02-20;636.14
2009-02-23;619.13
2009-02-24;617.95
2009-02-25;617.4
2009-02-26;643.94
2009-02-27;640.39
2009-03-02;619.27
2009-03-03;604.31
2009-03-04;630.23
2009-03-05;608.98
2009-03-06;607.45
2009-03-09;615.55
2009-03-10;650.61
2009-03-11;666.58
2009-03-12;667.65
2009-03-13;659.31
2009-03-16;675.89
2009-03-17;664.05
2009-03-18;662.76
2009-03-19;679.58
2009-03-20;661.59
2009-03-23;667.98
2009-03-24;654.12
2009-03-25;665.76
2009-03-26;667.03
2009-03-27;655.59
2009-03-30;633.09
2009-03-31;653.04
